time,latitude,longitude,depth,mag,magType,nst,gap,dmin,rms,net,id,updated,place,type,horizontalError,depthError,magError,magNst,status,locationSource,magSource
2023-06-05T10:25:53.878Z,67.1044,-158.6727,0,3.2,ml,,,,0.7,ak,ak023765xy44,2023-06-05T10:34:34.040Z,"northern Alaska",earthquake,,298.8,,,automatic,ak,ak
2023-06-05T09:44:44.080Z,19.6218,-65.7411,94,3.75,md,7,246,1.3899,0.4,pr,pr2023156000,2023-06-05T10:43:55.364Z,"132 km N of Suárez, Puerto Rico",earthquake,5.26,10.34,0.09,5,reviewed,pr,pr
2023-06-05T09:41:35.010Z,-15.1165,-173.5061,10,4.7,mb,42,109,2.975,0.36,us,us7000k6df,2023-06-05T10:07:07.040Z,"Tonga",earthquake,10.26,1.882,0.056,98,reviewed,us,us
2023-06-05T07:20:38.529Z,21.8604,-76.3359,10,4.2,mb,89,101,1.808,0.78,us,us7000k6d4,2023-06-05T08:16:31.040Z,"Cuba region",earthquake,3.77,1.859,0.05,117,reviewed,us,us
2023-06-05T04:16:14.973Z,28.5183,-88.029,5,3.3,ml,50,131,2.775,0.75,us,us7000k6cb,2023-06-05T04:32:07.040Z,"Gulf of Mexico",earthquake,8.47,2.003,0.077,22,reviewed,us,us
2023-06-05T03:50:06.014Z,59.2698,-149.3317,4.6,2.5,ml,,,,0.73,ak,ak023761x649,2023-06-05T04:01:54.040Z,"89 km S of Lowell Point, Alaska",earthquake,,0.5,,,automatic,ak,ak
2023-06-05T02:45:58.419Z,-62.3246,155.4265,10,5.8,mww,56,102,15.408,0.62,us,us7000k6bx,2023-06-05T04:50:36.607Z,"Balleny Islands region",earthquake,12.5,1.882,0.073,18,reviewed,us,us
2023-06-05T02:35:06.224Z,38.4606,142.3542,39.148,4.4,mb,62,133,2.53,0.85,us,us7000k6bw,2023-06-05T03:16:51.040Z,"79 km E of Onagawa Chō, Japan",earthquake,7.73,7.545,0.083,42,reviewed,us,us
2023-06-05T02:09:45.108Z,12.7887,95.5011,10,4.6,mb,35,105,3.865,1.05,us,us7000k6bt,2023-06-05T02:35:05.040Z,"Andaman Islands, India region",earthquake,10.01,1.922,0.105,27,reviewed,us,us
2023-06-05T01:43:55.803Z,12.6644,47.9116,10,4.6,mb,90,96,5.08,0.91,us,us7000k6bp,2023-06-05T02:04:04.040Z,"169 km N of Las Khorey, Somalia",earthquake,8.29,1.887,0.061,80,reviewed,us,us
2023-06-05T01:12:27.330Z,13.6491,144.8872,138.689,4.5,mb,43,85,1.807,0.6,us,us7000k6bk,2023-06-05T10:03:25.221Z,"Guam region",earthquake,6.99,7.896,0.057,91,reviewed,us,us
2023-06-05T00:37:53.694Z,-56.7183,147.5872,10,5.3,mww,74,48,13.824,0.69,us,us7000k6bc,2023-06-05T01:49:41.040Z,"west of Macquarie Island",earthquake,7.96,1.662,0.093,11,reviewed,us,us
2023-06-05T00:26:38.200Z,18.6993333333333,-64.9838333333333,20.18,3.42,md,17,247,0.3461,0.14,pr,pr71412378,2023-06-05T00:41:49.970Z,"39 km N of Charlotte Amalie, U.S. Virgin Islands",earthquake,0.71,12.35,0.123864357388862,6,reviewed,pr,pr
2023-06-04T23:16:09.250Z,19.6966,-65.7298,16,3.76,md,11,250,1.4319,0.37,pr,pr2023155001,2023-06-04T23:42:08.293Z,"140 km N of Suárez, Puerto Rico",earthquake,2.5,6.19,0.04,6,reviewed,pr,pr
2023-06-04T23:12:20.920Z,18.843,-67.3251666666667,9.88,3.35,md,13,278,0.3861,0.21,pr,pr71412353,2023-06-04T23:24:09.490Z,"45 km NNW of San Antonio, Puerto Rico",earthquake,0.8,0.44,0.0740890665816987,7,reviewed,pr,pr
2023-06-04T22:34:42.520Z,19.1518333333333,-65.3295,24.63,3.23,md,11,266,0.8411,0.22,pr,pr71412343,2023-06-04T23:01:52.840Z,"94 km N of Culebra, Puerto Rico",earthquake,1.22,18.28,0.09269124653335,6,reviewed,pr,pr
2023-06-04T22:10:32.159Z,25.2114,128.3418,10,5,mb,33,95,1.619,0.64,us,us7000k6at,2023-06-04T22:22:15.040Z,"",earthquake,5.75,1.896,0.095,36,reviewed,us,us
2023-06-04T20:39:08.812Z,38.316,93.6793,10,4.4,mb,51,72,8.339,0.8,us,us7000k6al,2023-06-04T21:01:57.040Z,"222 km SSW of Dunhuang, China",earthquake,7.84,1.86,0.078,47,reviewed,us,us
2023-06-04T20:06:28.641Z,18.6359,-74.2673,10,4.1,mb,28,73,1.511,0.88,us,us7000k6ag,2023-06-04T20:41:22.206Z,"Haiti region",earthquake,3.99,1.964,0.214,6,reviewed,us,us
2023-06-04T18:51:56.500Z,38.4280014,-119.5581665,2.32,2.55,md,6,110,0.1218,0.01,nc,nc73897021,2023-06-04T22:14:10.968Z,"12km SW of Walker, CA",earthquake,0.54,2.45,0.23,3,automatic,nc,nc
2023-06-04T18:09:02.400Z,-20.4953,-69.2453,113.72,4.1,mb,10,118,0.363,0.34,us,us7000k6a1,2023-06-04T18:41:21.480Z,"Tarapaca, Chile",earthquake,4.68,6.075,0.37,2,reviewed,us,us
2023-06-04T16:41:44.370Z,34.239,-119.7366667,-0.05,3.08,ml,40,122,0.1945,0.27,ci,ci40478144,2023-06-05T07:15:32.013Z,"21km S of Santa Barbara, CA",earthquake,0.34,0.71,0.146,50,reviewed,ci,ci
2023-06-04T15:35:27.785Z,56.3213,-157.4143,28.1,2.7,ml,,,,0.71,ak,ak02374lfutm,2023-06-04T17:43:32.040Z,"61 km E of Chignik, Alaska",earthquake,,0.5,,,automatic,ak,ak
2023-06-04T14:55:27.359Z,1.69,125.6619,104.191,4.9,mb,85,75,1.933,0.88,us,us7000k69i,2023-06-04T15:15:39.040Z,"65 km ENE of Bitung, Indonesia",earthquake,5.56,6.563,0.065,73,reviewed,us,us
2023-06-04T13:59:13.727Z,37.2204,142.2909,35,4.5,mb,46,138,3.342,0.93,us,us7000k69f,2023-06-04T14:44:13.040Z,"off the east coast of Honshu, Japan",earthquake,7.89,1.902,0.096,32,reviewed,us,us
2023-06-04T13:55:24.062Z,38.4213,-96.8457,4.02,3.2,mb_lg,35,94,0.703,0.32,us,us7000k69b,2023-06-05T01:26:25.383Z,"12 km SE of Lincolnville, Kansas",earthquake,2.29,7.854,0.041,158,reviewed,us,us
2023-06-04T13:48:41.191Z,-8.2787,107.8668,42.908,4.4,mb,22,121,0.839,0.77,us,us7000k69c,2023-06-04T14:26:00.040Z,"106 km SSW of Singaparna, Indonesia",earthquake,9.5,8.817,0.13,17,reviewed,us,us
2023-06-04T13:11:10.820Z,19.0515,-64.9716666666667,24.61,3.35,md,19,270,0.6955,0.12,pr,pr71412313,2023-06-04T13:51:41.040Z,"Virgin Islands",earthquake,0.78,9.66,0.0871221512656759,10,reviewed,pr,pr
2023-06-04T12:48:13.940Z,19.7468333333333,-65.7181666666667,38.19,3.44,md,9,307,1.471,0.24,pr,pr71412303,2023-06-04T13:17:08.390Z,"Puerto Rico region",earthquake,2.34,17.25,0.0286937082542891,5,reviewed,pr,pr
2023-06-04T12:14:22.509Z,-25.1558,179.7521,490.621,4.6,mb,48,54,4.585,0.54,us,us7000k691,2023-06-04T12:33:28.040Z,"south of the Fiji Islands",earthquake,12.49,8.016,0.036,238,reviewed,us,us
2023-06-04T11:27:25.487Z,-4.9998,151.4003,124.549,4.2,mb,24,66,1.106,0.38,us,us7000k695,2023-06-05T05:08:34.040Z,"120 km SW of Kokopo, Papua New Guinea",earthquake,9.71,7.356,0.136,15,reviewed,us,us
2023-06-04T10:15:26.085Z,0.4379,120.2208,560.69,4.4,mb,33,96,0.873,0.47,us,us7000k68i,2023-06-04T10:29:11.040Z,"Minahasa, Sulawesi, Indonesia",earthquake,13.12,10.044,0.114,22,reviewed,us,us
2023-06-04T10:09:35.060Z,35.5723333333333,-82.8641666666667,2.9,3.24,md,16,106,0.1056,0.22,se,se60500788,2023-06-05T11:46:51.294Z,"3 km N of West Canton, North Carolina",earthquake,0.66,2.22,0.0555412525618748,12,reviewed,se,se
2023-06-04T08:45:02.714Z,-23.0536,-70.2456,35,4.2,mb,11,184,0.711,0.24,us,us7000k689,2023-06-04T09:07:34.040Z,"21 km ENE of Mejillones, Chile",earthquake,5.87,1.999,0.216,6,reviewed,us,us
2023-06-04T08:34:55.434Z,58.2489,-155.1577,3,3,ml,,,,0.31,ak,ak02374h9o07,2023-06-04T10:29:25.930Z,"86 km NNW of Karluk, Alaska",earthquake,,0.3,,,automatic,ak,ak
2023-06-04T07:50:46.041Z,52.0795,-174.2815,25.5,2.6,ml,,,,0.55,ak,ak02374grn4s,2023-06-04T17:31:07.745Z,"14 km SSW of Atka, Alaska",earthquake,,3.7,,,reviewed,ak,ak
2023-06-04T07:39:41.540Z,40.237999,-121.1536636,0.11,2.58,md,12,103,0.3212,0.21,nc,nc73896781,2023-06-04T23:42:26.600Z,"3km NE of Almanor, CA",earthquake,0.72,15.63,0.13,9,automatic,nc,nc
2023-06-04T07:31:07.600Z,19.5195,-65.7108,102,3.89,md,9,280,1.2665,0.32,pr,pr2023155000,2023-06-04T08:12:49.270Z,"Puerto Rico region",earthquake,4.4,7.57,0.04,6,reviewed,pr,pr
2023-06-04T07:30:42.933Z,-28.4172,-70.8739,67.643,4.1,mb,28,123,0.276,0.92,us,us7000k67y,2023-06-04T08:14:26.040Z,"20 km NNW of Vallenar, Chile",earthquake,5.97,6.059,0.197,7,reviewed,us,us
2023-06-04T07:13:18.303Z,12.6175,48.0078,10,4.6,mb,39,224,5.163,0.56,us,us7000k67w,2023-06-04T08:26:13.040Z,"162 km N of Las Khorey, Somalia",earthquake,14.32,2.003,0.095,33,reviewed,us,us
2023-06-04T07:03:10.170Z,40.2418327,-121.1640015,-1.35,2.97,ml,34,47,0.3257,0.38,nc,nc73896771,2023-06-04T23:38:24.215Z,"3km NNE of Almanor, CA",earthquake,0.57,2.72,0.285,16,automatic,nc,nc
2023-06-04T06:19:37.630Z,18.2091666666667,-68.0196666666667,98.65,3.32,md,11,327,0.5423,0.2,pr,pr71412263,2023-06-04T06:39:49.080Z,"Mona Passage",earthquake,1.93,1.47,0.0592172298041103,7,reviewed,pr,pr
2023-06-04T06:05:25.975Z,-23.5529,-67.7469,118.936,4.7,mwr,72,50,0.718,1.48,us,us7000k67l,2023-06-04T06:28:37.040Z,"84 km SSE of San Pedro de Atacama, Chile",earthquake,4.23,6.679,,,reviewed,us,guc
2023-06-04T05:52:03.710Z,-3.0459,137.3141,48.84,5,mb,76,50,3.426,0.79,us,us7000k67k,2023-06-04T06:12:44.040Z,"204 km E of Nabire, Indonesia",earthquake,7.58,6.755,0.046,152,reviewed,us,us
2023-06-04T04:51:11.751Z,34.1007,46.4222,10,4.5,mb,76,145,1.711,0.52,us,us7000k67c,2023-06-04T05:52:48.289Z,"western Iran",earthquake,8.49,1.901,0.071,58,reviewed,us,us
2023-06-04T04:43:02.890Z,33.1406667,-116.5265,7.72,3.16,ml,114,15,0.0974,0.19,ci,ci40477624,2023-06-05T04:20:24.270Z,"10km NE of Julian, CA",earthquake,0.11,0.61,0.153,128,reviewed,ci,ci
2023-06-04T04:14:47.625Z,14.5405,39.8911,10,4.7,mb,62,78,4.153,0.5,us,us7000k679,2023-06-04T05:56:55.581Z,"54 km ENE of Ādīgrat, Ethiopia",earthquake,11.15,1.88,0.065,73,reviewed,us,us
2023-06-04T03:16:57.335Z,-15.2616,-173.0868,35,5.3,mb,72,67,2.641,1.28,us,us7000k676,2023-06-04T03:36:34.040Z,"107 km NE of Hihifo, Tonga",earthquake,7.44,1.889,0.027,452,reviewed,us,us
2023-06-04T02:41:54.910Z,18.104,-66.0738333333333,66.01,2.81,md,12,119,0.07262,0.21,pr,pr71412253,2023-06-04T18:02:32.889Z,"4 km SE of G. L. Garcia, Puerto Rico",earthquake,1.14,0.97,0.14489876920458,9,reviewed,pr,pr
2023-06-04T01:58:33.391Z,35.7578,140.0571,76.026,4.8,mwr,77,132,1.688,0.77,us,us7000k66v,2023-06-05T05:44:07.073Z,"4 km S of Shiroi, Japan",earthquake,3.65,7.045,0.071,19,reviewed,us,us
2023-06-04T01:46:31.066Z,23.0367,143.0649,61.256,4.6,mb,54,70,10.442,0.82,us,us7000k66t,2023-06-04T02:20:10.056Z,"Volcano Islands, Japan region",earthquake,9.2,7.247,0.071,60,reviewed,us,us
2023-06-04T01:32:18.627Z,64.3237,-153.4208,9.2,2.5,ml,,,,0.4,ak,ak02374d34hy,2023-06-04T02:28:15.040Z,"73 km NW of Lake Minchumina, Alaska",earthquake,,0.3,,,automatic,ak,ak
2023-06-04T01:25:04.448Z,-15.1713,-72.9552,9.639,4,mb,17,151,4.048,0.26,us,us7000k66p,2023-06-04T05:28:52.241Z,"5 km WNW of Mungui, Peru",earthquake,8.86,5.29,0.367,2,reviewed,us,us
2023-06-04T00:54:50.509Z,53.592,-163.51,11.646,4.6,mwr,103,94,1.152,0.54,us,us7000k66h,2023-06-04T17:20:08.653Z,"Unimak Island region, Alaska",earthquake,6.45,4.522,0.052,35,reviewed,us,us
2023-06-04T00:25:10.097Z,-6.8228,130.3742,113.513,5.2,mww,101,31,2.333,0.55,us,us7000k66c,2023-06-05T00:28:19.903Z,"294 km WSW of Tual, Indonesia",earthquake,7.7,5.352,0.093,11,reviewed,us,us
2023-06-04T00:20:54.829Z,39.6129,-119.9698,7.1,2.9,ml,35,67.68,0.009,0.1645,nn,nn00860806,2023-06-04T12:43:18.832Z,"7 km S of Cold Springs, Nevada",earthquake,,0.7,0.27,7,reviewed,nn,nn
2023-06-03T23:53:59.080Z,-25.446,-179.4489,466.069,4.4,mb,27,104,4.037,0.37,us,us7000k667,2023-06-04T00:13:14.040Z,"south of the Fiji Islands",earthquake,15.94,9.197,0.117,21,reviewed,us,us
2023-06-03T23:01:48.667Z,-18.3443,168.063,35,4.8,mb,30,72,4.185,0.6,us,us7000k664,2023-06-03T23:39:31.536Z,"Vanuatu",earthquake,9.24,1.931,0.096,33,reviewed,us,us
2023-06-03T22:49:25.687Z,53.566,-163.3437,22.749,4.6,mb,93,167,1.235,0.83,us,us7000k661,2023-06-04T17:14:19.124Z,"143 km S of False Pass, Alaska",earthquake,5.52,2.473,0.051,118,reviewed,us,us
2023-06-03T22:39:43.590Z,15.8869,144.8829,10,4.9,mb,61,66,1.084,0.41,us,us7000k65z,2023-06-03T23:18:17.040Z,"119 km NW of Saipan, Northern Mariana Islands",earthquake,8.13,1.866,0.065,75,reviewed,us,us
2023-06-03T22:36:17.070Z,19.421,-155.225333333333,1.45,2.59,ml,41,65,,0.11,hv,hv73438587,2023-06-04T00:19:08.040Z,"2 km SSE of Volcano, Hawaii",earthquake,0.17,0.21,0.23274386471494,29,reviewed,hv,hv
2023-06-03T22:20:49.280Z,63.4856,-148.9522,1.1,2.5,ml,,,,0.63,ak,ak023731zdhc,2023-06-03T22:41:05.040Z,"10 km N of Cantwell, Alaska",earthquake,,0.2,,,automatic,ak,ak
2023-06-03T21:49:32.862Z,-18.0152,-178.4372,584.749,4.4,mb,77,42,3.353,0.6,us,us7000k65n,2023-06-03T22:28:06.040Z,"237 km E of Levuka, Fiji",earthquake,11.77,2.906,0.032,276,reviewed,us,us
2023-06-03T20:42:40.664Z,53.4781,-163.1207,10,3.9,mb,19,215,1.392,0.55,us,us7000k65i,2023-06-04T17:09:43.697Z,"154 km S of False Pass, Alaska",earthquake,5.63,1.945,0.121,18,reviewed,us,us
2023-06-03T20:18:10.108Z,67.3698,-163.907,0,2.8,ml,,,,0.93,ak,ak023730rzte,2023-06-03T20:36:36.040Z,"46 km WSW of Noatak, Alaska",earthquake,,1,,,automatic,ak,ak
2023-06-03T19:41:26.096Z,64.9137,-151.019,16.1,2.8,ml,,,,0.52,ak,ak023730biwx,2023-06-03T20:08:50.177Z,"20 km WSW of Manley Hot Springs, Alaska",earthquake,,0.4,,,automatic,ak,ak
2023-06-03T19:22:07.213Z,-14.9753,166.8443,35,4.6,mb,42,61,6.057,0.64,us,us7000k659,2023-06-03T20:01:02.040Z,"25 km WNW of Port-Olry, Vanuatu",earthquake,7.11,1.826,0.074,55,reviewed,us,us
2023-06-03T18:48:12.967Z,31.655,-104.549,9.24,2.5,ml,28,85,0.043,0.87,us,us7000k651,2023-06-03T20:46:36.040Z,"59 km SSW of Whites City, New Mexico",earthquake,1.45,5.185,0.062,80,reviewed,us,us
2023-06-03T17:38:32.003Z,61.0901,-147.3699,27.5,3.1,ml,,,,0.23,ak,ak02372z410g,2023-06-03T20:36:24.040Z,"45 km WNW of Tatitlek, Alaska",earthquake,,0.2,,,automatic,ak,ak
2023-06-03T17:30:18.496Z,67.1926,-143.1492,1.4,2.5,ml,,,,0.48,ak,ak02372z2a9y,2023-06-03T19:16:19.040Z,"65 km NNE of Chalkyitsik, Alaska",earthquake,,0.6,,,automatic,ak,ak
2023-06-03T17:06:26.780Z,-6.3836,130.2352,131.095,4.7,mb,74,90,1.878,0.95,us,us7000k64k,2023-06-03T17:23:20.040Z,"Banda Sea",earthquake,7.99,5.157,0.068,72,reviewed,us,us
2023-06-03T17:02:59.940Z,37.4553333333333,-87.6411666666667,16.15,2.52,md,18,50,0.2815,0.32,nm,nm60527471,2023-06-04T15:42:16.108Z,"7 km N of Nebo, Kentucky",earthquake,0.59,0.89,0.205948347099042,13,reviewed,nm,nm
2023-06-03T16:15:18.690Z,36.2541666666667,-89.4455,7.12,2.77,md,52,50,0.03136,0.19,nm,nm60527461,2023-06-03T16:55:34.809Z,"southeastern Missouri",earthquake,0.23,0.53,0.092664444797419,43,reviewed,nm,nm
2023-06-03T15:41:19.160Z,18.0311666666667,-66.849,15.66,2.53,md,9,121,0.0628,0.13,pr,pr71412233,2023-06-03T16:09:28.100Z,"0 km SSE of Yauco, Puerto Rico",earthquake,0.46,0.99,0.131994111306168,6,reviewed,pr,pr
2023-06-03T15:37:21.710Z,53.5001,-163.2189,25.6,3.6,ml,,,,0.85,ak,ak02372xwxf8,2023-06-03T18:53:24.043Z,"151 km S of False Pass, Alaska",earthquake,,3.2,,,reviewed,ak,ak
2023-06-03T15:24:59.464Z,53.4936,-163.2118,18.161,4.8,mb,89,109,1.341,1.05,us,us7000k642,2023-06-03T18:49:32.689Z,"152 km S of False Pass, Alaska",earthquake,7.2,4.765,0.061,83,reviewed,us,us
2023-06-03T15:23:56.830Z,41.1803333,-111.2471667,11.28,2.52,ml,26,71,0.1367,0.12,uu,uu60541576,2023-06-03T23:28:18.270Z,"",earthquake,0.39,0.68,0.185,17,reviewed,uu,uu
2023-06-03T15:07:28.852Z,39.4142,37.1015,10,4.1,mb,40,39,1.027,1.05,us,us7000k63z,2023-06-03T20:06:49.040Z,"Central Turkey",earthquake,1.87,1.936,0.262,4,reviewed,us,us
2023-06-03T14:12:56.326Z,-18.3122,-71.4318,28.589,4.3,mwr,24,171,1.037,0.89,us,us7000k63q,2023-06-03T15:18:34.040Z,"Off the coast of Tarapaca, Chile",earthquake,8.19,7.911,0.073,18,reviewed,us,us
2023-06-03T14:10:35.509Z,12.4555,48.2166,10,4.8,mb,98,80,5.334,0.95,us,us7000k63r,2023-06-03T14:29:16.040Z,"143 km N of Las Khorey, Somalia",earthquake,8.23,1.858,0.059,88,reviewed,us,us
2023-06-03T13:58:03.642Z,12.5705,48.095,10,5.4,mww,87,40,5.237,0.7,us,us7000k63p,2023-06-03T17:29:22.287Z,"156 km N of Las Khorey, Somalia",earthquake,9.8,1.859,0.093,11,reviewed,us,us
2023-06-03T12:09:59.980Z,38.8173333,-122.7615,1.85,2.55,md,93,35,0.01467,0.07,nc,nc73895916,2023-06-05T06:49:10.413Z,"3km W of Cobb, CA",earthquake,0.1,0.13,0.284,87,reviewed,nc,nc
2023-06-03T12:02:39.800Z,38.8001667,-122.7725,0.81,2.94,md,58,37,0.01,0.05,nc,nc73895821,2023-06-03T21:17:12.561Z,"3km NNW of The Geysers, CA",earthquake,0.1,0.16,0.301,32,reviewed,nc,nc
2023-06-03T12:01:18.960Z,38.7921667,-122.7785,3.83,4.45,mw,106,25,0.007429,0.06,nc,nc73895826,2023-06-05T03:33:24.192Z,"2km NW of The Geysers, CA",earthquake,0.1,0.15,,4,reviewed,nc,nc
2023-06-03T10:57:34.516Z,18.3398,145.8466,104.23,4.6,mb,42,127,3.082,0.4,us,us7000k62u,2023-06-03T11:31:55.040Z,"Pagan region, Northern Mariana Islands",earthquake,11.1,8,0.041,174,reviewed,us,us
2023-06-03T10:56:48.250Z,35.119,-97.57616667,6.64,2.54,ml,95,33,0.0638874631,0.2,ok,ok2023kujq,2023-06-03T23:28:17.798Z,"1 km N of Cole, Oklahoma",earthquake,,0.3,0.22,42,reviewed,ok,ok
2023-06-03T10:53:54.435Z,12.5855,48.0637,10,4.4,mb,32,198,5.21,0.63,us,us7000k62t,2023-06-03T11:58:53.040Z,"Gulf of Aden",earthquake,7.44,2.004,0.107,25,reviewed,us,us
2023-06-03T10:49:40.586Z,31.73698065,-104.1075344,7.468383789,2.6,ml,17,38,0.04114320512,0.1,tx,tx2023kujk,2023-06-05T09:40:12.424Z,"48 km W of Mentone, Texas",earthquake,0.5659862527,0.7955167968,0.1,18,reviewed,tx,tx
2023-06-03T10:45:28.893Z,12.4324,48.0454,10,4.5,mb,24,146,5.165,0.42,us,us7000k62r,2023-06-03T11:51:06.040Z,"141 km N of Las Khorey, Somalia",earthquake,7.43,1.954,0.151,14,reviewed,us,us
2023-06-03T10:35:41.030Z,41.9659,142.5958,62.132,4.9,mb,87,105,0.421,0.69,us,us7000k62j,2023-06-03T21:54:53.297Z,"26 km SW of Urakawa, Japan",earthquake,6.18,6.477,0.025,519,reviewed,us,us
2023-06-03T10:32:07.075Z,12.5533,48.0454,10,4.9,mb,53,83,5.186,0.37,us,us7000k62k,2023-06-03T10:59:32.040Z,"155 km N of Las Khorey, Somalia",earthquake,7.22,1.862,0.077,53,reviewed,us,us
2023-06-03T10:15:55.014Z,12.4187,47.9816,10,4.9,mb,40,78,5.101,0.32,us,us7000k62h,2023-06-03T10:38:56.040Z,"141 km N of Las Khorey, Somalia",earthquake,7.07,1.928,0.095,35,reviewed,us,us
2023-06-03T10:13:16.670Z,19.3936672210693,-155.274169921875,1.37000000476837,2.58,ml,39,49,,0.200000003,hv,hv73437797,2023-06-03T10:30:02.040Z,"6 km SW of Volcano, Hawaii",earthquake,0.24,0.200000003,2.06,24,automatic,hv,hv
2023-06-03T10:08:33.481Z,-20.6574,-68.9661,135.688,5,mww,28,56,1.007,1.01,us,us7000k62d,2023-06-03T17:06:18.752Z,"80 km ESE of La Tirana, Chile",earthquake,5.89,7.351,0.08,15,reviewed,us,us
2023-06-03T09:43:36.492Z,12.8129,47.8315,10,4.6,mb,50,80,5.038,0.65,us,us7000k62c,2023-06-03T10:11:53.040Z,"187 km NNW of Las Khorey, Somalia",earthquake,12.66,1.922,0.084,42,reviewed,us,us
2023-06-03T09:23:56.093Z,37.5315,56.7631,10,4.1,mb,26,172,1.145,0.64,us,us7000k625,2023-06-03T09:48:28.040Z,"",earthquake,7.65,1.965,0.131,16,reviewed,us,us
2023-06-03T08:56:03.638Z,12.5741,47.9512,10,4.5,mb,36,131,5.1,0.43,us,us7000k622,2023-06-03T09:19:56.040Z,"",earthquake,12.29,1.937,0.104,27,reviewed,us,us
2023-06-03T08:39:50.959Z,6.4291,124.7513,10.383,4.6,mb,47,88,1.04,0.62,us,us7000k61z,2023-06-03T13:05:59.225Z,"",earthquake,6.01,3.498,0.092,35,reviewed,us,us
2023-06-03T08:31:32.310Z,17.9586666666667,-66.7651666666667,16.79,2.57,md,7,217,0.1098,0.12,pr,pr71412198,2023-06-03T08:43:00.390Z,"Puerto Rico region",earthquake,0.74,0.66,0.125528114140721,7,reviewed,pr,pr
2023-06-03T08:21:52.281Z,26.9494,-111.4844,10,4.1,mb,52,142,0.769,0.56,us,us7000k61s,2023-06-03T09:08:11.040Z,"Baja California Sur, Mexico",earthquake,5.43,1.949,0.072,53,reviewed,us,us
2023-06-03T07:48:45.429Z,36.8392,61.6096,9.981,4.5,mb,66,153,2.987,0.68,us,us7000k61n,2023-06-03T08:07:58.040Z,"51 km NE of Sarakhs, Iran",earthquake,8.66,4.321,0.069,62,reviewed,us,us
2023-06-03T07:25:00.460Z,35.6436667,-118.3203333,5.23,2.68,ml,34,64,0.0574,0.2,ci,ci40476760,2023-06-03T15:54:50.381Z,"14km ENE of Lake Isabella, CA",earthquake,0.25,1.03,0.222,26,automatic,ci,ci
2023-06-03T07:17:46.124Z,12.6146,48.1755,10,5.9,mww,145,29,5.323,0.51,us,us7000k61e,2023-06-03T17:17:10.070Z,"160 km N of Las Khorey, Somalia",earthquake,9.11,1.848,0.054,33,reviewed,us,us
2023-06-03T07:17:42.750Z,-16.0394,-71.9904,10,4.7,mb,66,130,2.803,0.84,us,us7000k61d,2023-06-03T08:02:19.040Z,"3 km SE of Lluta, Peru",earthquake,7.45,1.848,0.062,79,reviewed,us,us
2023-06-03T07:06:54.298Z,41.4054,-106.7699,10.496,3.2,ml,35,60,0.806,0.68,us,us7000k619,2023-06-04T00:37:49.234Z,"6 km SSE of Saratoga, Wyoming",earthquake,3.55,8.516,0.036,102,reviewed,us,us
2023-06-03T07:04:25.916Z,12.402,48.1452,10,4.8,mb,90,80,5.257,0.4,us,us7000k61b,2023-06-03T07:23:09.040Z,"137 km N of Las Khorey, Somalia",earthquake,10.58,1.879,0.063,77,reviewed,us,us
2023-06-03T06:55:44.180Z,35.6465,-118.3226667,8.36,2.62,ml,37,64,0.05402,0.18,ci,ci40476720,2023-06-03T07:25:22.554Z,"14km ESE of Wofford Heights, CA",earthquake,0.21,0.58,0.226,26,automatic,ci,ci
2023-06-03T06:49:04.078Z,12.1933,48.1408,10,4.6,mb,73,157,5.224,0.41,us,us7000k618,2023-06-03T07:08:28.040Z,"114 km N of Las Khorey, Somalia",earthquake,12.37,1.961,0.07,61,reviewed,us,us
2023-06-03T06:37:53.567Z,12.5505,48.2444,10,4.9,mb,87,58,5.377,0.49,us,us7000k615,2023-06-03T06:55:03.040Z,"Gulf of Aden",earthquake,10.41,1.862,0.058,93,reviewed,us,us
2023-06-03T06:29:06.129Z,12.4185,48.3755,10,4.9,mb,57,48,5.481,0.44,us,us7000k613,2023-06-03T06:48:42.040Z,"Gulf of Aden",earthquake,10.53,1.885,0.078,52,reviewed,us,us
2023-06-03T06:23:27.580Z,12.4519,48.2664,10,5.2,mww,90,99,5.381,0.46,us,us7000k612,2023-06-03T06:41:31.040Z,"143 km N of Las Khorey, Somalia",earthquake,7.68,1.879,0.098,10,reviewed,us,us
2023-06-03T06:22:47.144Z,12.4109,48.2425,10,4.4,mb,35,68,5.352,0.48,us,us7000k616,2023-06-03T07:00:45.040Z,"138 km N of Las Khorey, Somalia",earthquake,8.5,1.921,0.102,28,reviewed,us,us
2023-06-03T05:17:33.464Z,75.8967,7.2534,10,4.3,mb,40,57,3.078,0.32,us,us7000k60u,2023-06-03T05:35:51.040Z,"Greenland Sea",earthquake,7.43,1.897,0.103,27,reviewed,us,us
2023-06-03T04:51:11.780Z,52.2484,-178.678,188.751,4.1,mb,58,56,0.437,0.67,us,us7000k60p,2023-06-03T05:14:43.040Z,"146 km WNW of Adak, Alaska",earthquake,11.53,8.228,0.058,81,reviewed,us,us
2023-06-03T03:47:12.819Z,-5.7653,-11.6346,10,4.6,mb,24,164,3.458,0.9,us,us7000k60j,2023-06-03T04:32:37.040Z,"",earthquake,6.71,1.964,0.112,24,reviewed,us,us
2023-06-03T02:48:12.085Z,-15.8827,-72.0342,10,5,mb,40,133,2.956,0.92,us,us7000k609,2023-06-03T12:50:14.788Z,"14 km N of Lluta, Peru",earthquake,8.08,1.935,0.076,55,reviewed,us,us
2023-06-03T02:27:39.120Z,-15.8799,-72.0034,10,5.1,mww,56,145,2.943,1.31,us,us7000k603,2023-06-03T02:56:54.935Z,"14 km N of Lluta, Peru",earthquake,8.44,1.89,0.093,11,reviewed,us,us
2023-06-03T01:49:15.111Z,-15.7173,-71.7368,10,5.5,mww,63,146,2.957,1.23,us,us7000k5zj,2023-06-03T17:10:48.031Z,"9 km SSE of Maca, Peru",earthquake,8.94,1.866,0.089,12,reviewed,us,us
2023-06-03T01:44:28.221Z,-18.362,168.1392,35,5,mb,28,112,4.238,0.49,us,us7000k5zk,2023-06-03T02:16:25.441Z,"71 km SSW of Port-Vila, Vanuatu",earthquake,13.88,1.796,0.088,41,reviewed,us,us
2023-06-03T01:30:59.554Z,31.06300463,-103.3187623,2.918066406,2.8,ml,11,68,0.06132201389,0.2,tx,tx2023ktqz,2023-06-04T16:45:05.012Z,"31 km SW of Coyanosa, Texas",earthquake,0.7919853275,1.425027078,0.1,13,reviewed,tx,tx
2023-06-03T01:24:00.340Z,17.9536666666667,-66.8508333333333,14.4,2.82,md,7,211,0.03442,0.28,pr,pr71412178,2023-06-03T01:39:45.210Z,"4 km SE of Maria Antonia, Puerto Rico",earthquake,1.41,1.01,0.101451790669282,5,reviewed,pr,pr
2023-06-03T01:06:51.755Z,-18.4143,168.0814,35.843,4.9,mb,23,122,4.164,0.62,us,us7000k5zb,2023-06-03T02:17:07.849Z,"78 km SSW of Port-Vila, Vanuatu",earthquake,12.53,8.247,0.128,19,reviewed,us,us
2023-06-03T00:56:39.554Z,54.6518,-158.4811,10,3.5,ml,15,219,1.345,0.97,us,us7000k5z7,2023-06-03T01:20:16.040Z,"146 km SSE of Perryville, Alaska",earthquake,8.34,2.016,0.071,26,reviewed,us,us
2023-06-03T00:49:52.468Z,-17.1499,-69.6703,184.012,4.3,mb,32,97,0.473,0.97,us,us7000k5z4,2023-06-03T01:10:48.040Z,"42 km ENE of Chuquitira, Peru",earthquake,7.74,6.047,0.16,11,reviewed,us,us
2023-06-03T00:28:11.798Z,37.2919,-104.4836,6.203,3,ml,9,103,0.163,0.14,us,us7000k5yp,2023-06-03T02:16:47.665Z,"7 km NNW of El Moro, Colorado",earthquake,1.72,2.295,0.048,56,reviewed,us,us
2023-06-03T00:11:48.597Z,-27.4731,-66.5177,37.88,4.9,mb,75,46,2.412,0.54,us,us7000k5yb,2023-06-03T01:02:54.729Z,"23 km WNW of Andalgalá, Argentina",earthquake,6.18,6.409,0.057,98,reviewed,us,us
2023-06-03T00:01:09.893Z,31.6747039,-104.4059395,6.080151367,3,ml,15,56,0.01791483715,0.1,tx,tx2023ktoa,2023-06-04T17:35:47.980Z,"55 km S of Whites City, New Mexico",earthquake,0.9463237585,0.9003248514,0.1,18,reviewed,tx,tx
2023-06-02T23:05:35.340Z,19.1411666870117,-155.486831665039,12.3400001525879,2.67,ml,42,164,,0.189999998,hv,hv73437042,2023-06-02T23:16:11.040Z,"6 km S of Pāhala, Hawaii",earthquake,0.46,0.349999994,2.43,25,automatic,hv,hv
2023-06-02T22:29:53.532Z,37.2817,-117.5966,7.2,2.5,ml,10,104.95,0.063,0.2146,nn,nn00860711,2023-06-03T02:05:03.725Z,"52 km S of Silver Peak, Nevada",earthquake,,5.3,0.68,5,reviewed,nn,nn
2023-06-02T22:08:22.251Z,-20.6207,-178.175,527.23,4.6,mb,51,76,2.831,0.49,us,us7000k5xj,2023-06-02T23:39:53.040Z,"Fiji region",earthquake,14.77,10.835,0.092,35,reviewed,us,us
2023-06-02T22:05:35.940Z,18.2343333333333,-68.0446666666667,101.66,3.25,md,11,167,0.1901,0.28,pr,pr71412163,2023-06-02T22:28:08.040Z,"54 km SE of Punta Cana, Dominican Republic",earthquake,2.72,1.54,0.105506313097381,7,reviewed,pr,pr
2023-06-02T21:57:15.558Z,-6.5301,127.7727,364.485,4.5,mb,49,68,2.912,0.52,us,us7000k5xa,2023-06-02T22:24:48.040Z,"236 km NNE of Lospalos, Timor Leste",earthquake,7.23,7.91,0.078,48,reviewed,us,us
2023-06-02T21:51:49.583Z,31.67099554,-104.4107506,6.902807617,3.4,ml,15,69,0.01592619205,0.2,tx,tx2023ktjt,2023-06-03T21:33:58.946Z,"56 km S of Whites City, New Mexico",earthquake,1.1479842170000003,0.7754499936,0.1,9,reviewed,tx,tx
2023-06-02T21:44:22.846Z,51.4858,-177.0154,13.2,3.7,ml,,,,0.81,ak,ak02371dzoc4,2023-06-03T04:57:25.286Z,"50 km SSW of Adak, Alaska",earthquake,,1.1,,,reviewed,ak,ak
2023-06-02T21:40:14.006Z,4.8283,125.4704,10,4.6,mb,44,87,2.229,0.49,us,us7000k5x7,2023-06-02T22:43:57.040Z,"63 km S of Sarangani, Philippines",earthquake,7.93,1.915,0.074,54,reviewed,us,us
2023-06-02T21:25:29.474Z,55.313,163.1886,35,4.2,mb,38,157,3.518,0.37,us,us7000k5x4,2023-06-02T22:05:29.040Z,"111 km SSE of Ust’-Kamchatsk Staryy, Russia",earthquake,5.99,1.961,0.07,56,reviewed,us,us
2023-06-02T21:17:37.009Z,56.3639,-149.2654,10,3,ml,20,245,2.303,0.29,us,us7000k5x0,2023-06-02T21:31:49.040Z,"229 km SE of Chiniak, Alaska",earthquake,4.81,2.021,0.051,50,reviewed,us,us
2023-06-02T21:07:48.350Z,18.4468333333333,-66.122,84.32,2.88,md,13,179,0.1418,0.15,pr,pr71412148,2023-06-02T22:31:42.393Z,"0 km NNW of Cataño, Puerto Rico",earthquake,1.54,0.69,0.18600641397,13,reviewed,pr,pr
2023-06-02T20:19:46.740Z,32.9365,-116.2901667,9.89,2.89,ml,87,42,0.0212,0.21,ci,ci40476312,2023-06-04T20:17:06.030Z,"26km ENE of Pine Valley, CA",earthquake,0.13,0.4,0.116,96,reviewed,ci,ci
2023-06-02T20:15:30.400Z,19.3211666666667,-155.223333333333,6.55,2.99,ml,55,121,,0.11,hv,hv73436847,2023-06-05T07:35:35.675Z,"13 km S of Volcano, Hawaii",earthquake,0.26,0.38,0.146042331664661,41,reviewed,hv,hv
2023-06-02T19:54:26.820Z,17.9426666666667,-66.9608333333333,13.07,2.97,md,13,225,0.05771,0.12,pr,pr71412133,2023-06-02T22:32:11.498Z,"6 km WSW of Guánica, Puerto Rico",earthquake,0.64,0.24,0.183465178823508,5,reviewed,pr,pr
2023-06-02T18:58:50.944Z,-23.3888,-66.7866,203.693,4.6,mb,18,86,1.353,0.96,us,us7000k5vc,2023-06-03T00:24:45.850Z,"103 km NNW of San Antonio de los Cobres, Argentina",earthquake,7.8,9.698,0.193,9,reviewed,us,us
2023-06-02T18:13:26.520Z,58.1071,-143.313,15,2.6,ml,31,160,1.913,0.42,us,us7000k5v3,2023-06-02T20:54:46.040Z,"261 km SW of Yakutat, Alaska",earthquake,6.75,7.697,0.04,82,reviewed,us,us
2023-06-02T18:07:29.970Z,36.6508333,-121.2778333,5.89,2.58,md,58,104,0.04969,0.09,nc,nc73895471,2023-06-03T04:51:52.102Z,"16km SSE of Tres Pinos, CA",earthquake,0.15,0.38,0.117,86,reviewed,nc,nc
2023-06-02T17:40:06.918Z,6.1199,120.926,24.925,4.6,mb,75,42,4.718,0.61,us,us7000k5uy,2023-06-02T20:24:26.040Z,"9 km NNW of Bato Bato, Philippines",earthquake,8.31,5.093,0.064,74,reviewed,us,us
2023-06-02T17:39:19.632Z,-22.7726,-176.1245,80.109,5.1,mb,192,33,1.81,0.68,us,us7000k5ux,2023-06-03T14:47:34.040Z,"196 km SSW of Houma, Tonga",earthquake,7.84,4.43,0.028,432,reviewed,us,us
2023-06-02T17:33:10.311Z,0.4376,123.0506,95.275,4.4,mb,21,81,1.496,0.54,us,us7000k5uv,2023-06-02T19:09:15.040Z,"11 km S of Gorontalo, Indonesia",earthquake,10.91,7.254,0.114,22,reviewed,us,us
2023-06-02T16:00:54.437Z,-17.7412,-178.4648,535.331,4.6,mb,59,99,3.319,0.89,us,us7000k5ub,2023-06-02T17:07:51.040Z,"237 km E of Levuka, Fiji",earthquake,5.36,7.719,0.083,43,reviewed,us,us
2023-06-02T15:53:55.605Z,-23.4124,171.5181,10,4.9,mb,36,111,3.835,1.74,us,us7000k5u3,2023-06-02T16:16:56.040Z,"",earthquake,8.91,1.864,0.064,77,reviewed,us,us
2023-06-02T15:42:39.374Z,-60.9142,-25.5478,29.593,5.1,mb,78,96,8.86,0.69,us,us7000k5u2,2023-06-02T16:03:41.040Z,"South Sandwich Islands region",earthquake,11.15,3.98,0.075,58,reviewed,us,us
2023-06-02T15:13:24.535Z,47.0448,152.7467,67.742,4.4,mb,73,137,6.831,0.74,us,us7000k5tz,2023-06-02T18:02:38.040Z,"Kuril Islands",earthquake,10.66,7.858,0.07,58,reviewed,us,us
2023-06-02T15:13:22.658Z,12.2779,-87.8519,47.713,4.3,mb,25,180,0.912,0.78,us,us7000k5tx,2023-06-02T18:12:31.040Z,"67 km SW of Jiquilillo, Nicaragua",earthquake,6.31,15.432,0.094,32,reviewed,us,us
2023-06-02T14:16:31.652Z,1.8431,99.4828,157.361,4.8,mb,107,48,1.98,0.61,us,us7000k5si,2023-06-02T16:33:08.040Z,"37 km SW of Bandar, Indonesia",earthquake,7.1,5.568,0.046,149,reviewed,us,us
2023-06-02T14:06:40.481Z,-16.1488,-75.5502,10,4.6,mb,38,150,4.322,0.41,us,us7000k5sh,2023-06-03T04:52:52.040Z,"Off the coast of southern Peru",earthquake,10.61,1.921,0.114,23,reviewed,us,us
2023-06-02T13:53:31.779Z,-18.3985,168.0714,32.867,4.8,mb,38,73,4.164,0.75,us,us7000k5sd,2023-06-02T14:09:46.040Z,"77 km SSW of Port-Vila, Vanuatu",earthquake,4.31,5.744,0.112,25,reviewed,us,us
2023-06-02T13:23:42.046Z,34.9536,23.5822,52.03,4.1,mb,43,155,1.123,0.86,us,us7000k5s7,2023-06-02T16:45:20.040Z,"",earthquake,7.28,9.566,0.105,26,reviewed,us,us
2023-06-02T11:54:47.460Z,35.506,-118.3913333,4.33,2.69,ml,39,28,0.1914,0.2,ci,ci40475704,2023-06-03T07:02:55.050Z,"13km SE of Bodfish, CA",earthquake,0.24,2.42,0.251,26,automatic,ci,ci
2023-06-02T11:46:32.533Z,-23.4687,171.3181,22.353,4.9,mb,32,114,3.667,0.37,us,us7000k5qy,2023-06-02T12:06:07.040Z,"southeast of the Loyalty Islands",earthquake,8.15,5.647,0.087,42,reviewed,us,us
2023-06-02T11:09:28.640Z,40.232,-121.1438333,6.6,2.67,md,40,28,0.01573,0.25,nc,nc73895386,2023-06-03T04:20:48.040Z,"3km NNE of Prattville, CA",earthquake,0.4,0.55,0.154,78,reviewed,nc,nc
2023-06-02T11:04:53.961Z,56.3762,-149.2386,10,2.8,ml,34,226,2.307,0.49,us,us7000k5qr,2023-06-02T11:27:38.040Z,"230 km SE of Chiniak, Alaska",earthquake,8.62,2.017,0.052,48,reviewed,us,us
2023-06-02T10:34:20.649Z,39.6183,-119.965,5.4,2.5,ml,18,68.46,0.011,0.1253,nn,nn00860674,2023-06-03T02:04:40.007Z,"6 km S of Cold Springs, Nevada",earthquake,,1,0.2,4,reviewed,nn,nn
2023-06-02T10:26:55.353Z,-5.9395,152.2526,10,4.8,mb,39,86,1.739,0.45,us,us7000k5qj,2023-06-02T12:17:48.040Z,"176 km S of Kokopo, Papua New Guinea",earthquake,5.24,1.796,0.064,75,reviewed,us,us
2023-06-02T08:45:07.500Z,19.3963,-65.6913,108,3.91,md,7,275,1.1629,0.47,pr,pr2023153001,2023-06-02T09:19:38.869Z,"Puerto Rico region",earthquake,8.61,10.76,0.06,6,reviewed,pr,pr
2023-06-02T08:14:47.756Z,41.3673,-106.7631,15.356,3.9,mb,40,59,0.921,0.58,us,us7000k5pl,2023-06-04T16:01:04.304Z,"",earthquake,1.32,8.35,0.194,7,reviewed,us,us
2023-06-02T07:52:11.750Z,18.8988333333333,-65.0085,27.83,3.27,md,11,263,0.5458,0.22,pr,pr71412048,2023-06-02T08:05:07.860Z,"62 km N of Charlotte Amalie, U.S. Virgin Islands",earthquake,1.8,10.35,0.0257649817331611,4,reviewed,pr,pr
2023-06-02T06:58:02.224Z,37.2932,-117.5853,6.1,2.6,ml,15,96.66,0.077,0.2046,nn,nn00860669,2023-06-03T02:04:31.053Z,"51 km S of Silver Peak, Nevada",earthquake,,1.6,0.86,9,reviewed,nn,nn
2023-06-02T05:43:38.690Z,19.7178,-65.7038,55,3.81,md,14,288,1.4591,0.46,pr,pr2023153000,2023-06-02T06:16:37.283Z,"143 km N of Suárez, Puerto Rico",earthquake,4.37,17.88,0.07,6,reviewed,pr,pr
2023-06-02T05:25:36.859Z,12.4022,144.7619,10,5.2,mb,99,115,2.993,0.43,us,us7000k5p3,2023-06-05T05:35:39.286Z,"Guam region",earthquake,9.28,1.861,0.052,121,reviewed,us,us
2023-06-02T04:31:31.731Z,-23.9173,171.8963,10,5,mb,37,127,4.293,0.65,us,us7000k5nz,2023-06-02T04:48:59.040Z,"southeast of the Loyalty Islands",earthquake,11.12,1.914,0.093,37,reviewed,us,us
2023-06-02T04:30:40.487Z,3.0878,-83.0163,10,4.4,mb,23,179,4.532,1.03,us,us7000k5nw,2023-06-02T23:09:32.040Z,"off the coast of Central America",earthquake,11.06,1.955,0.203,7,reviewed,us,us
2023-06-02T00:28:07.553Z,39.6214,-119.9712,6.4,3.1,ml,28,68.9,0.016,0.1455,nn,nn00860645,2023-06-03T02:04:04.860Z,"6 km S of Cold Springs, Nevada",earthquake,,0.9,0.22,6,reviewed,nn,nn
2023-06-02T00:23:05.353Z,39.6139,-119.9797,7.1,3.7,mw,40,65.29,0.016,0.1781,nn,nn00860639,2023-06-04T05:09:40.397Z,"7 km S of Cold Springs, Nevada",earthquake,,0.8,,,reviewed,nn,nn
2023-06-02T00:06:00.700Z,19.3993333333333,-67.089,25.88,3.39,md,10,307,0.9271,0.19,pr,pr71411998,2023-06-02T00:47:55.720Z,"",earthquake,1.04,14.05,0.0250456248696935,4,reviewed,pr,pr
2023-06-01T23:47:58.206Z,-3.8324,101.4065,52.692,4.3,mb,26,183,1.632,0.57,us,us7000k5n4,2023-06-02T00:56:53.040Z,"95 km W of Bengkulu, Indonesia",earthquake,9.36,9.34,0.137,15,reviewed,us,us
2023-06-01T23:33:42.345Z,-7.0894,129.2543,188.01,4.4,mb,16,108,2.631,0.75,us,us7000k5mt,2023-06-02T00:04:39.040Z,"Kepulauan Babar, Indonesia",earthquake,10.53,9.775,0.179,9,reviewed,us,us
2023-06-01T22:52:45.179Z,-11.6272,166.3684,76.516,5.4,mww,48,60,6.678,0.7,us,us7000k5md,2023-06-02T17:18:00.040Z,"117 km SSE of Lata, Solomon Islands",earthquake,5.45,7.781,0.083,14,reviewed,us,us
2023-06-01T22:51:26.400Z,18.1932,146.6667,62.017,4.6,mb,50,85,3.054,0.59,us,us7000k5mc,2023-06-01T23:59:39.040Z,"Pagan region, Northern Mariana Islands",earthquake,12.49,7.979,0.056,95,reviewed,us,us
2023-06-01T21:44:19.670Z,17.9713333333333,-66.8305,10.53,2.93,md,13,200,0.04656,0.12,pr,pr71411988,2023-06-01T22:13:54.510Z,"2 km SSW of Indios, Puerto Rico",earthquake,0.44,0.32,0.108181959389652,4,reviewed,pr,pr
2023-06-01T21:38:56.254Z,5.2833,126.0021,135.994,4.5,mb,36,107,1.824,0.8,us,us7000k5ly,2023-06-01T21:50:34.040Z,"61 km ESE of Sarangani, Philippines",earthquake,9.24,9.274,0.093,34,reviewed,us,us
2023-06-01T21:19:48.310Z,19.3373333333333,-155.297333333333,2.27,2.88,ml,52,87,,0.12,hv,hv73434747,2023-06-01T21:48:37.574Z,"13 km SSW of Volcano, Hawaii",earthquake,0.2,0.35,0.217723660249818,35,reviewed,hv,hv
2023-06-01T20:55:25.896Z,-5.7139,151.8977,10,4.6,mb,27,89,1.536,0.75,us,us7000k5ld,2023-06-02T20:29:14.040Z,"157 km SSW of Kokopo, Papua New Guinea",earthquake,7.7,1.909,0.075,53,reviewed,us,us
2023-06-01T19:00:08.590Z,19.3838333333333,-155.277833333333,1.64,2.62,ml,45,66,,0.11,hv,hv73434507,2023-06-02T20:05:51.040Z,"Island of Hawaii, Hawaii",earthquake,0.13,0.14,0.22043572664537,27,reviewed,hv,hv
2023-06-01T18:55:44.088Z,37.264,-104.5144,8.552,3.4,ml,35,64,0.15,0.85,us,us7000k5k7,2023-06-03T12:57:45.342Z,"6 km NW of El Moro, Colorado",earthquake,3.22,3.465,0.048,106,reviewed,us,us
2023-06-01T18:12:17.968Z,36.5047,70.5855,199.062,4.4,mb,44,89,2.488,0.72,us,us7000k5jv,2023-06-02T19:54:32.040Z,"45 km SSW of Jurm, Afghanistan",earthquake,5.07,8.867,0.088,37,reviewed,us,us
2023-06-01T16:00:50.870Z,19.7681,-109.1935,10,4,mb,83,233,3.961,0.82,us,us7000k5j7,2023-06-01T18:52:50.040Z,"Revilla Gigedo Islands region",earthquake,11.12,2.008,0.057,85,reviewed,us,us
2023-06-01T16:00:14.445Z,40.8784,79.3159,10,4.3,mb,43,122,0.331,0.76,us,us7000k5j5,2023-06-01T18:11:41.040Z,"69 km W of Aykol, China",earthquake,4.46,1.868,0.095,32,reviewed,us,us
2023-06-01T15:29:44.440Z,52.6759,-163.0396,10,3.1,ml,31,246,2.078,0.38,us,us7000k5j2,2023-06-01T16:36:53.040Z,"243 km S of False Pass, Alaska",earthquake,4.3,2,0.097,14,reviewed,us,us
2023-06-01T15:27:27.978Z,-5.8636,152.0747,10,4.6,mb,31,123,1.664,0.47,us,us7000k5iz,2023-06-01T16:20:47.040Z,"169 km S of Kokopo, Papua New Guinea",earthquake,10.03,1.926,0.107,29,reviewed,us,us
2023-06-01T13:28:54.036Z,29.2876,142.2395,10,4.5,mb,34,138,4.345,0.71,us,us7000k5hl,2023-06-02T19:28:09.040Z,"",earthquake,12.39,1.894,0.072,57,reviewed,us,us
2023-06-01T12:48:25.560Z,17.9388333333333,-64.9726666666667,11.46,2.88,md,5,161,0.2714,0.15,pr,pr71411958,2023-06-01T13:13:25.070Z,"33 km NW of Saint Croix, U.S. Virgin Islands",earthquake,0.55,1.16,0.0232826813389799,3,reviewed,pr,pr
2023-06-01T11:47:16.926Z,51.3517,-178.5596,52.013,4.5,mb,61,186,0.257,0.91,us,us7000k5h3,2023-06-01T16:20:52.404Z,"145 km WSW of Adak, Alaska",earthquake,8.79,10.079,0.038,198,reviewed,us,us
2023-06-01T11:01:03.266Z,-5.7768,152.0111,39.381,4.8,mb,36,129,6.01,0.82,us,us7000k5gr,2023-06-01T11:33:29.040Z,"New Britain region, Papua New Guinea",earthquake,13.14,7.709,0.067,68,reviewed,us,us
2023-06-01T10:02:09.360Z,14.6858,-90.6282,209.293,4.6,mb,61,148,1.133,0.74,us,us7000k5gi,2023-06-01T10:47:23.040Z,"1 km E of San Pedro Sacatepéquez, Guatemala",earthquake,7.43,7.728,0.046,141,reviewed,us,us
2023-06-01T10:00:10.295Z,-5.7721,152.0588,38.723,4.9,mb,38,129,6.05,0.7,us,us7000k5gj,2023-06-01T10:23:46.040Z,"159 km S of Kokopo, Papua New Guinea",earthquake,14.75,7.964,0.064,118,reviewed,us,us
2023-06-01T09:41:08.937Z,59.4952,-151.9094,74.3,2.8,ml,,,,0.2,ak,ak0236zjagjx,2023-06-01T10:00:23.040Z,"",earthquake,,1.5,,,automatic,ak,ak
2023-06-01T08:57:15.840Z,40.5193333,-124.436,17.91,3.04,ml,28,219,0.08692,0.16,nc,nc73894986,2023-06-01T22:43:41.408Z,"16km WSW of Ferndale, CA",earthquake,0.82,0.41,0.25,25,reviewed,nc,nc
2023-06-01T08:49:06.216Z,-5.7009,151.9684,10,4.9,mb,57,153,1.512,0.45,us,us7000k5g9,2023-06-01T09:26:09.040Z,"",earthquake,11.23,1.94,0.065,102,reviewed,us,us
2023-06-01T08:40:43.340Z,-5.7922,152.3606,10,4.6,mb,25,164,1.602,0.48,us,us7000k5g7,2023-06-01T09:09:59.040Z,"160 km S of Kokopo, Papua New Guinea",earthquake,5.59,1.907,0.075,60,reviewed,us,us
2023-06-01T07:42:30.038Z,-6.9475,129.4563,176.116,4.4,mb,31,60,2.45,0.55,us,us7000k5g4,2023-06-01T08:10:43.040Z,"Banda Sea",earthquake,8.75,7.59,0.104,27,reviewed,us,us
2023-06-01T06:20:28.825Z,67.2847,-163.6404,5.1,3.3,ml,,,,1.04,ak,ak0236zhdpbs,2023-06-01T16:11:03.090Z,"43 km SW of Noatak, Alaska",earthquake,,0.7,,,reviewed,ak,ak
2023-06-01T03:52:44.684Z,-20.8347,-68.2652,199.154,4.2,mb,20,59,1.161,0.64,us,us7000k5f4,2023-06-05T00:06:27.040Z,"43 km N of Ollagüe, Chile",earthquake,7.02,9.746,0.216,6,reviewed,us,us
2023-06-01T03:51:09.095Z,-5.7398,151.923,10,4.9,mb,31,91,1.557,0.36,us,us7000k5f5,2023-06-04T23:50:23.040Z,"159 km SSW of Kokopo, Papua New Guinea",earthquake,9.9,1.89,0.056,100,reviewed,us,us
2023-06-01T03:21:14.354Z,41.7816,71.8028,7.11,4.4,mb,49,46,0.121,0.6,us,us7000k5ex,2023-06-04T23:05:36.040Z,"32 km N of Kerben, Kyrgyzstan",earthquake,4.37,4.08,0.09,36,reviewed,us,us
2023-06-01T02:41:12.052Z,12.8161,-88.8608,35,4.1,mb,39,192,0.834,0.61,us,us7000k5es,2023-06-02T04:17:44.040Z,"61 km SSW of Puerto El Triunfo, El Salvador",earthquake,6.02,1.991,0.107,24,reviewed,us,us
2023-06-01T02:33:32.800Z,19.6315,-65.7171,58,3.96,md,14,282,1.3723,0.4,pr,pr2023152000,2023-06-02T04:12:47.040Z,"133 km N of Suárez, Puerto Rico",earthquake,4.01,13.7,0.1,11,reviewed,pr,pr
2023-06-01T02:28:32.871Z,30.5269,129.6735,10,4.4,mb,29,226,1.186,0.4,us,us7000k5eq,2023-06-02T04:06:55.040Z,"73 km W of Nagata, Japan",earthquake,6.09,1.969,0.123,19,reviewed,us,us
2023-06-01T02:15:53.830Z,33.812,-118.171,7.67,2.67,ml,88,66,0.03166,0.29,ci,ci40239415,2023-06-04T14:24:18.123Z,"1km NNW of Signal Hill, CA",earthquake,0.26,0.48,0.243,28,reviewed,ci,ci
2023-06-01T01:18:31.139Z,23.9567,122.5516,24.941,4.3,mb,24,74,0.659,0.6,us,us7000k5eh,2023-06-02T03:45:17.040Z,"72 km SW of Yonakuni, Japan",earthquake,3.92,5.958,0.161,11,reviewed,us,us
2023-06-01T00:44:35.730Z,36.5485,71.2749,64.982,4.2,mb,31,136,2.771,0.44,us,us7000k5ed,2023-06-03T22:33:05.040Z,"27 km WSW of Ashkāsham, Afghanistan",earthquake,8.8,6.393,0.131,16,reviewed,us,us
2023-06-01T00:25:31.000Z,40.4675,-124.7641667,23.56,2.64,md,45,234,0.3256,0.16,nc,nc73894866,2023-06-03T22:11:31.040Z,"44km WNW of Petrolia, CA",earthquake,1.06,3.57,0.25,38,reviewed,nc,nc
2023-06-01T00:05:17.507Z,-5.8099,151.9322,35,5.3,mb,62,65,5.927,0.87,us,us7000k5eb,2023-06-01T00:23:42.040Z,"166 km SSW of Kokopo, Papua New Guinea",earthquake,7.22,1.867,0.046,161,reviewed,us,us
2023-05-31T23:33:03.640Z,18.8915,-67.6578333333333,5.56,3.1,md,11,228,0.532,0.28,pr,pr71411908,2023-06-01T00:48:25.040Z,"73 km NW of San Antonio, Puerto Rico",earthquake,0.9,1.41,0.0919257732709342,11,reviewed,pr,pr
2023-05-31T21:56:38.451Z,-3.6169,128.2412,119.534,5.2,mww,93,25,1.887,0.95,us,us7000k5db,2023-05-31T22:10:50.040Z,"Seram, Indonesia",earthquake,4.87,6.284,0.071,19,reviewed,us,us
2023-05-31T21:12:22.020Z,31.7395,-116.2335,5.37,3.08,ml,26,90,0.3591,0.28,ci,ci40239231,2023-06-01T23:59:25.090Z,"32km E of Maneadero, B.C., MX",earthquake,0.34,31.61,0.126,116,reviewed,ci,ci
2023-05-31T19:59:39.790Z,40.35,-125.6006667,10,3.94,mw,103,247,0.9639,0.22,nc,nc73894796,2023-06-02T06:41:54.579Z,"112km W of Petrolia, CA",earthquake,1.42,31.61,,3,reviewed,nc,nc
2023-05-31T15:22:19.043Z,31.7065,50.959,10,4.3,mb,52,80,8.168,0.63,us,us7000k59l,2023-06-03T22:01:14.040Z,"Western Iran",earthquake,9.06,1.913,0.088,36,reviewed,us,us
2023-05-31T14:22:09.380Z,18.2126,-68.6281,115,3.93,md,21,181,0.3894,0.53,pr,pr2023151001,2023-06-02T14:23:44.040Z,"18 km S of Boca de Yuma, Dominican Republic",earthquake,2.57,1.83,0.12,15,reviewed,pr,pr
2023-05-31T14:10:41.723Z,32.75115967,-100.6615615,7.263061523,3.2,ml,25,48,0.08315822377,0.2,tx,tx2023kpdn,2023-06-01T18:32:24.988Z,"15 km NE of Hermleigh, Texas",earthquake,0.8793841715,0.8995919835,0.1,12,reviewed,tx,tx
2023-05-31T14:01:45.537Z,55.3195,163.097,10,5.5,mww,90,89,3.482,0.76,us,us7000k58z,2023-05-31T19:17:57.040Z,"off the east coast of the Kamchatka Peninsula, Russia",earthquake,8.41,1.859,0.061,26,reviewed,us,us
2023-05-31T12:29:11.048Z,-9.8018,166.9026,10,4.9,mb,18,202,6.868,0.35,us,us7000k58s,2023-05-31T13:10:44.040Z,"Santa Cruz Islands",earthquake,8.1,1.992,0.155,16,reviewed,us,us
2023-05-31T12:24:23.412Z,54.3292,-159.7267,35,3.7,mb,46,200,1.111,0.71,us,us7000k59n,2023-06-01T04:41:21.040Z,"122 km SSE of Sand Point, Alaska",earthquake,4.66,2.012,0.251,4,reviewed,us,us
2023-05-31T11:20:13.509Z,25.1168,96.1871,10,5.8,mww,109,63,4.398,0.5,us,us7000k58h,2023-06-01T11:27:46.301Z,"125 km WSW of Myitkyina, Myanmar",earthquake,7.54,1.856,0.093,11,reviewed,us,us
2023-05-31T10:55:18.193Z,1.5057,-90.5778,10,5,mb,99,163,9.888,0.93,us,us7000k58f,2023-05-31T11:15:18.040Z,"250 km N of Puerto Ayora, Ecuador",earthquake,10.31,1.913,0.027,434,reviewed,us,us
2023-05-31T10:52:28.007Z,68.0328,-158.087,7.589,2.5,ml,33,138,0.664,0.54,us,us7000k58d,2023-06-01T04:37:46.040Z,"106 km N of Ambler, Alaska",earthquake,5.72,7.87,0.051,50,reviewed,us,us
2023-05-31T10:37:04.774Z,-23.4886,171.6923,37.412,4.8,mb,41,112,4.007,0.54,us,us7000k58b,2023-05-31T11:01:19.040Z,"southeast of the Loyalty Islands",earthquake,10.83,3.769,0.075,57,reviewed,us,us
2023-05-31T09:27:59.838Z,-25.1592,-179.7906,558.058,4.5,mb,21,110,4.413,0.44,us,us7000k570,2023-05-31T09:51:00.040Z,"south of the Fiji Islands",earthquake,7.67,21.096,0.145,14,reviewed,us,us
2023-05-31T09:05:49.440Z,19.6718,-65.7216,74,4.03,md,16,248,1.4332,0.67,pr,pr2023151000,2023-05-31T10:45:05.040Z,"138 km N of Suárez, Puerto Rico",earthquake,5.82,16.54,0.11,9,reviewed,pr,pr
2023-05-31T08:27:22.382Z,50.7816,176.8894,10,3,ml,14,247,1.549,0.23,us,us7000k5dt,2023-06-01T06:11:11.040Z,"Rat Islands, Aleutian Islands, Alaska",earthquake,4.59,2.006,0.091,16,reviewed,us,us
2023-05-31T08:11:15.184Z,-56.715,-26.1024,46.667,4.9,mb,36,68,6.384,0.76,us,us7000k56b,2023-05-31T08:34:11.040Z,"South Sandwich Islands region",earthquake,11.23,5.484,0.128,37,reviewed,us,us
2023-05-31T07:12:48.357Z,40.2292,77.2073,10,4.3,mb,22,73,1.458,1.3,us,us7000k565,2023-05-31T08:41:29.040Z,"133 km NE of Kashgar, China",earthquake,3.73,1.961,0.237,5,reviewed,us,us
2023-05-31T06:59:25.960Z,17.6698333333333,-66.7558333333333,13.11,2.79,md,10,251,0.3255,0.1,pr,pr71411843,2023-05-31T08:37:25.810Z,"36 km S of Tallaboa, Puerto Rico",earthquake,0.58,1.51,0.0399298261118501,6,reviewed,pr,pr
2023-05-31T04:04:53.330Z,39.6708,54.9666,39.661,5,mb,76,51,3.014,0.95,us,us7000k55h,2023-06-02T02:38:54.411Z,"Turkmenistan",earthquake,7.09,5.039,0.04,203,reviewed,us,us
2023-05-31T03:26:56.629Z,36.2612,69.6551,187.601,4.3,mb,23,157,3.632,0.33,us,us7000k55d,2023-06-02T02:28:41.040Z,"Hindu Kush region, Afghanistan",earthquake,8.7,11.628,0.154,12,reviewed,us,us
2023-05-31T03:00:52.050Z,36.4115,-118.2483333,2.54,3.06,ml,33,63,0.242,0.15,ci,ci40238455,2023-06-02T02:03:10.040Z,"25km SW of Lone Pine, CA",earthquake,0.16,0.76,0.155,153,reviewed,ci,ci
2023-05-31T02:21:23.148Z,-49.5826,163.8362,9.305,6.3,mww,130,52,3.918,0.73,us,us7000k54z,2023-06-02T13:44:59.384Z,"Auckland Islands, New Zealand region",earthquake,9.97,2.734,0.066,22,reviewed,us,us
2023-05-31T02:06:45.633Z,57.1082,-135.6734,10,2.5,ml,16,187,0.197,0.3,us,us7000k54y,2023-06-02T01:37:02.040Z,"21 km WNW of Sitka, Alaska",earthquake,4.24,1.973,0.07,27,reviewed,us,us
2023-05-31T01:58:05.504Z,-23.2112,170.7726,10,4.7,mb,29,122,3.124,0.54,us,us7000k550,2023-06-02T01:28:51.040Z,"southeast of the Loyalty Islands",earthquake,9.12,1.889,0.12,21,reviewed,us,us
2023-05-31T00:58:41.233Z,-1.0052,98.5529,20.164,5,mb,43,180,5.518,0.8,us,us7000k54v,2023-05-31T01:15:33.040Z,"161 km NW of Tuapejat, Indonesia",earthquake,9.29,5.836,0.067,72,reviewed,us,us
2023-05-30T23:30:58.069Z,13.5942,-91.4815,41.738,4.2,mb,38,179,1.682,0.59,us,us7000k54j,2023-06-03T21:03:23.040Z,"69 km SSW of Nueva Concepción, Guatemala",earthquake,7.56,13.088,0.074,51,reviewed,us,us
2023-05-30T23:22:11.412Z,52.388,-169.6257,14.373,3.6,mb,23,212,0.404,0.65,us,us7000k5xu,2023-06-03T20:27:01.040Z,"80 km SW of Nikolski, Alaska",earthquake,3.65,7.526,0.133,14,reviewed,us,us
2023-05-30T22:48:56.159Z,33.3722,139.2741,12.332,4.4,mb,35,134,0.52,0.39,us,us7000k54a,2023-05-30T23:09:57.040Z,"147 km SSE of Shimoda, Japan",earthquake,4.78,5.78,0.112,23,reviewed,us,us
2023-05-30T21:58:21.610Z,17.9316666666667,-66.9518333333333,11.28,2.91,md,18,221,0.05758,0.13,pr,pr71411783,2023-05-30T22:34:32.040Z,"6 km SW of Guánica, Puerto Rico",earthquake,0.59,0.42,0.0549520602743296,9,reviewed,pr,pr
2023-05-30T21:51:07.689Z,52.0583,-172.6765,10,3,ml,13,335,0.966,0.26,us,us7000k5y1,2023-06-03T20:13:55.040Z,"105 km E of Atka, Alaska",earthquake,8.94,2.028,0.115,10,reviewed,us,us
2023-05-30T20:24:52.680Z,34.0218333,-119.1248333,13.56,3.56,ml,73,97,0.1353,0.29,ci,ci40238207,2023-06-02T11:40:56.662Z,"15km SSE of Port Hueneme, CA",earthquake,0.34,0.66,0.193,134,reviewed,ci,ci
2023-05-30T20:18:48.376Z,64.1875,-165.0263,23.3,2.5,ml,,,,0.86,ak,ak0236wemosl,2023-06-02T23:03:31.264Z,"northern Alaska",earthquake,,0.4,,,reviewed,ak,ak
2023-05-30T18:15:53.130Z,-35.6081,-74.5162,11.469,4.3,mb,30,105,1.563,0.98,us,us7000k525,2023-05-31T14:32:07.040Z,"",earthquake,5.74,3.845,0.218,7,reviewed,us,us
2023-05-30T18:14:56.830Z,19.6468,-65.7148,50,3.66,md,7,287,1.4073,0.39,pr,pr2023150000,2023-05-30T18:38:25.413Z,"135 km N of Suárez, Puerto Rico",earthquake,5.23,23.63,0.03,7,reviewed,pr,pr
2023-05-30T17:45:42.382Z,38.55,73.1418,10,4.5,mb,33,95,4.211,1.07,us,us7000k520,2023-05-30T19:26:28.040Z,"Tajikistan-Xinjiang border region",earthquake,5.31,1.925,0.073,55,reviewed,us,us
2023-05-30T17:42:54.378Z,56.3516,-149.7795,10,2.6,ml,25,259,2.099,0.94,us,us7000k52p,2023-06-02T23:03:24.326Z,"Gulf of Alaska",earthquake,9.7,2.021,0.066,30,reviewed,us,us
2023-05-30T16:51:36.770Z,-20.6675,-70.6367,37.375,5.5,mww,92,111,0.617,1.36,us,us7000k51s,2023-05-31T16:56:49.503Z,"68 km SW of La Tirana, Chile",earthquake,4.69,5.624,0.083,14,reviewed,us,us
2023-05-30T15:22:34.391Z,14.9516,121.6802,10,4.6,mb,56,99,7.845,0.57,us,us7000k517,2023-05-30T21:03:43.396Z,"14 km W of Panukulan, Philippines",earthquake,4.4,1.909,0.072,57,reviewed,us,us
2023-05-30T13:52:02.184Z,37.4798,141.8455,46.662,4.3,mb,25,146,3.058,1.03,us,us7000k50v,2023-05-30T14:43:41.040Z,"74 km E of Namie, Japan",earthquake,4.41,9.473,0.148,13,reviewed,us,us
2023-05-30T13:23:31.423Z,31.59200407,-104.2465237,6.131567383,2.6,ml,24,71,0.1039452421,0.2,tx,tx2023kngm,2023-05-30T21:44:50.040Z,"52 km NW of Toyah, Texas",earthquake,0.8068152899,1.75956367,0.1,12,reviewed,tx,tx
2023-05-30T13:10:28.933Z,53.6581,-164.8583,27.172,2.8,ml,18,200,0.722,0.51,us,us7000k5vt,2023-06-03T15:30:10.040Z,"80 km SE of Akutan, Alaska",earthquake,2.96,14.767,0.091,16,reviewed,us,us
2023-05-30T12:25:37.549Z,-21.9594,-68.5552,10,4.4,mb,17,170,1.047,0.71,us,us7000k4z1,2023-06-02T17:21:15.040Z,"66 km NE of Calama, Chile",earthquake,3.17,1.935,0.268,4,reviewed,us,us
2023-05-30T12:10:56.029Z,53.7764,-164.0594,35,3.5,mb,69,158,0.817,0.41,us,us7000k5vs,2023-06-05T08:44:12.040Z,"119 km ESE of Akutan, Alaska",earthquake,4.5,1.973,0.148,11,reviewed,us,us
2023-05-30T11:49:29.997Z,31.59875412,-104.2301677,2.660986328,2.6,ml,14,70,0.09141049426,0.1,tx,tx2023kndj,2023-05-30T17:51:08.022Z,"52 km NW of Toyah, Texas",earthquake,1.54760136,1.942634179,0.1,8,reviewed,tx,tx
2023-05-30T11:30:05.373Z,-57.0546,-66.5638,10,4.3,mb,17,159,2.21,0.64,us,us7000k4yn,2023-05-31T06:28:25.040Z,"272 km SSE of Ushuaia, Argentina",earthquake,7.53,1.962,0.161,11,reviewed,us,us
2023-05-30T11:00:17.790Z,40.3888333,-125.2321667,10,3.04,ml,66,251,0.6873,0.28,nc,nc73891605,2023-05-31T10:58:15.176Z,"81km W of Petrolia, CA",earthquake,1.22,31.61,0.12,18,reviewed,nc,nc
2023-05-30T10:45:07.290Z,51.75,-178.8083,88.119,3.2,ml,14,169,0.949,0.23,us,us7000k5vr,2023-06-05T08:51:48.040Z,"150 km W of Adak, Alaska",earthquake,6.24,15.083,0.115,10,reviewed,us,us
2023-05-30T10:12:17.244Z,53.7918,-164.087,35,3,ml,23,203,0.796,0.32,us,us7000k5vq,2023-06-05T08:22:17.040Z,"117 km ESE of Akutan, Alaska",earthquake,2.75,2.01,0.091,16,reviewed,us,us
2023-05-30T09:42:49.190Z,18.0188333333333,-66.8601666666667,15.92,2.54,md,5,125,0.04718,0.22,pr,pr71411743,2023-05-30T10:03:27.910Z,"",earthquake,1.04,1.59,0.0865767820370802,4,reviewed,pr,pr
2023-05-30T08:49:17.485Z,37.4587,137.5347,11.346,4.6,mb,33,95,1.057,0.82,us,us7000k4y8,2023-05-30T09:08:20.040Z,"54 km NNW of Itoigawa, Japan",earthquake,6.55,4.855,0.083,43,reviewed,us,us
2023-05-30T08:36:59.544Z,55.3268,-157.7933,5.4,2.7,ml,,,,0.55,ak,ak0236w7lgl9,2023-06-02T19:37:39.253Z,"",earthquake,,1,,,reviewed,ak,ak
2023-05-30T08:31:38.380Z,37.2642,-117.5889,5,3,ml,54,38,0.055,0.76,us,us7000k4y6,2023-05-31T09:10:42.537Z,"54 km S of Silver Peak, Nevada",earthquake,0.99,1.857,0.037,97,reviewed,us,us
2023-05-30T07:34:59.570Z,19.4923333333333,-155.933333333333,8.1,2.62,ml,47,169,,0.36,hv,hv73429802,2023-05-30T20:18:15.783Z,"1 km WSW of Captain Cook, Hawaii",earthquake,0.65,0.46,0.149361109633129,20,reviewed,hv,hv
2023-05-30T07:31:32.210Z,47.904833333333336,-124.24133333333333,-0.23,2.7,ml,27,84,0.1114,0.37,uw,uw61920282,2023-05-31T21:47:33.000Z,"11 km ESE of Forks, Washington",earthquake,0.5,1.14,0.14683874680984244,21,reviewed,uw,uw
2023-05-30T06:09:06.575Z,51.5481,178.726,61.5,2.5,ml,,,,0.49,ak,ak0236w68liw,2023-06-03T17:36:35.793Z,"Rat Islands, Aleutian Islands, Alaska",earthquake,,0.7,,,reviewed,ak,ak
2023-05-30T04:59:39.359Z,5.3217,-82.6064,10,4.6,mb,31,171,3.451,0.8,us,us7000k4xf,2023-06-02T01:24:03.040Z,"297 km SW of Arenas, Panama",earthquake,9.57,1.945,0.094,34,reviewed,us,us
2023-05-30T04:47:16.356Z,59.5684,-152.6872,69,2.8,ml,,,,0.88,ak,ak0236w59w1s,2023-06-03T17:36:33.449Z,"49 km WNW of Nanwalek, Alaska",earthquake,,0.4,,,reviewed,ak,ak
2023-05-30T04:35:03.763Z,-56.6006,-68.9858,10,4.6,mb,22,140,1.84,0.7,us,us7000k4xa,2023-06-02T01:06:05.040Z,"203 km SSW of Ushuaia, Argentina",earthquake,7.91,1.841,0.145,14,reviewed,us,us
2023-05-30T04:14:19.281Z,51.4415,-176.0588,41.37,3.8,mb,65,202,0.473,0.67,us,us7000k4x6,2023-06-03T17:36:33.242Z,"Andreanof Islands, Aleutian Islands, Alaska",earthquake,2.78,10.398,0.09,32,reviewed,us,us
2023-05-30T04:01:33.769Z,-17.228,-172.3584,10,4.7,mb,29,72,2.107,0.95,us,us7000k4x4,2023-06-02T00:20:37.040Z,"208 km SE of Hihifo, Tonga",earthquake,6.65,1.851,0.134,17,reviewed,us,us
2023-05-30T03:32:03.595Z,-18.3097,-70.0454,92.806,4.1,mb,18,91,0.288,0.63,us,us7000k4wz,2023-06-01T23:16:04.040Z,"32 km NE of Arica, Chile",earthquake,7.57,6.277,0.197,7,reviewed,us,us
2023-05-30T02:49:43.600Z,37.5325,-87.3443333333333,0.69,2.51,md,17,103,0.1217,0.28,nm,nm60500763,2023-06-05T03:15:33.791Z,"7 km W of Calhoun, Kentucky",earthquake,0.92,1.65,0.184107851597688,13,reviewed,nm,nm
2023-05-30T02:45:20.990Z,37.535,-87.328,5.99,3,md,17,106,0.1188,0.28,nm,nm60500758,2023-06-01T22:37:57.040Z,"6 km W of Calhoun, Kentucky",earthquake,1.33,2.35,0.186899946144104,14,reviewed,nm,nm
2023-05-30T02:00:04.324Z,31.61358556,-103.9838841,7.185595703,2.6,ml,14,56,0.01315482231,0.1,tx,tx2023kmjx,2023-06-02T00:13:18.040Z,"37 km NNW of Toyah, Texas",earthquake,0.4941418531,0.6553572516,0.2,12,reviewed,tx,tx
2023-05-30T01:49:18.090Z,36.2525,-89.4468333333333,6.64,2.62,md,47,51,0.03085,0.12,nm,nm60527016,2023-06-03T14:41:03.411Z,"3 km ESE of Ridgely, Tennessee",earthquake,0.16,0.42,0.112852308110526,45,reviewed,nm,nm
2023-05-30T01:08:10.513Z,9.6352,-84.9018,35,4.1,mb,28,146,0.642,0.57,us,us7000k4w3,2023-06-02T19:37:49.859Z,"20 km S of Paquera, Costa Rica",earthquake,2.81,1.971,0.14,14,reviewed,us,us
2023-05-30T01:04:31.886Z,13.3526,120.8056,85.433,4.7,mb,78,105,9.896,0.65,us,us7000k4w2,2023-05-30T03:43:23.040Z,"13 km SE of Abra de Ilog, Philippines",earthquake,9.52,7.219,0.06,85,reviewed,us,us
2023-05-30T00:52:06.116Z,24.0472,142.9923,10,5.8,mww,139,33,9.148,0.57,us,us7000k4w1,2023-05-31T00:59:30.934Z,"",earthquake,8.13,1.767,0.046,46,reviewed,us,us
2023-05-29T23:27:16.810Z,55.5163,-161.4497,168.7,2.8,ml,,,,0.54,ak,ak0236usxi56,2023-06-02T08:33:36.660Z,"56 km SSW of Nelson Lagoon, Alaska",earthquake,,0.7,,,reviewed,ak,ak
2023-05-29T21:52:04.854Z,-52.887,10.4709,10,5.7,mww,98,36,19.746,0.48,us,us7000k4ug,2023-05-30T21:55:28.492Z,"southwest of Africa",earthquake,7.34,1.792,0.093,11,reviewed,us,us
2023-05-29T19:09:54.816Z,-14.1841,170.5334,625.902,4.9,mb,142,42,8.051,0.65,us,us7000k4tn,2023-05-30T20:26:36.040Z,"Vanuatu region",earthquake,10.42,5.469,0.046,150,reviewed,us,us
2023-05-29T18:59:08.901Z,25.9741,124.91,188.018,4,mb,48,127,1.702,0.91,us,us7000k4tm,2023-05-30T21:19:04.040Z,"135 km NNW of Hirara, Japan",earthquake,9.6,12.834,0.09,33,reviewed,us,us
2023-05-29T17:08:16.844Z,9.7704,125.1503,11.013,4.6,mb,76,84,2.717,0.69,us,us7000k4t6,2023-05-30T01:36:13.396Z,"",earthquake,6.67,4.29,0.068,70,reviewed,us,us
2023-05-29T15:59:59.380Z,-7.2503,130.4671,35,4.5,mb,33,101,2.767,0.82,us,us7000k4sl,2023-05-29T16:44:23.040Z,"Pulau Pulau Tanimbar, Indonesia",earthquake,9.43,1.927,0.099,30,reviewed,us,us
2023-05-29T15:21:40.840Z,18.1296666666667,-68.37,67.68,3.26,md,20,209,0.3829,0.52,pr,pr71411683,2023-05-31T15:57:27.040Z,"Mona Passage",earthquake,3.43,2.84,0.0469250815206053,9,reviewed,pr,pr
2023-05-29T15:02:29.594Z,-31.6806,-66.7788,120.047,4.9,mb,71,43,1.631,1.14,us,us7000k4sd,2023-05-29T15:27:13.567Z,"99 km WNW of Candelaria, Argentina",earthquake,6.48,6.757,0.083,46,reviewed,us,us
2023-05-29T14:50:11.460Z,19.74,-155.137,25.29,2.68,ml,56,125,,0.11,hv,hv73428567,2023-06-03T05:38:07.200Z,"4 km W of Wainaku, Hawaii",earthquake,0.28,0.67,0.149804593443408,33,reviewed,hv,hv
2023-05-29T14:39:50.610Z,52.5703,-169.1726,46.51,2.7,ml,12,250,0.399,0.7,us,us7000k5ls,2023-06-03T15:34:01.040Z,"46 km SSW of Nikolski, Alaska",earthquake,7.41,15.24,0.115,10,reviewed,us,us
2023-05-29T13:52:51.758Z,-7.6188,128.6567,80.118,4.7,mb,38,48,3.317,0.75,us,us7000k4s8,2023-05-29T14:22:26.040Z,"208 km ENE of Lospalos, Timor Leste",earthquake,7.65,7.701,0.099,31,reviewed,us,us
2023-05-29T13:40:01.370Z,37.288,-117.5725,5.4,2.6,ml,12,76.15,0.08,0.1394,nn,nn00860474,2023-05-29T14:12:12.040Z,"52 km S of Silver Peak, Nevada",earthquake,,1.8,0.87,7,reviewed,nn,nn
2023-05-29T13:35:50.824Z,51.634,178.9092,69.54,3.9,mb,40,185,0.355,0.49,us,us7000k4tl,2023-06-01T21:34:14.569Z,"Rat Islands, Aleutian Islands, Alaska",earthquake,8.62,7.502,0.074,48,reviewed,us,us
2023-05-29T12:54:56.890Z,17.9338333333333,-66.961,16.92,2.58,md,10,223,0.08677,0.04,pr,pr71411673,2023-05-29T15:16:08.810Z,"7 km SW of Guánica, Puerto Rico",earthquake,0.67,0.32,0.118028633373323,9,reviewed,pr,pr
2023-05-29T12:37:12.956Z,54.4769,-161.7558,27.464,3.5,ml,38,202,0.595,0.79,us,us7000k4tk,2023-06-02T05:14:11.040Z,"",earthquake,4.88,7.467,0.081,20,reviewed,us,us
2023-05-29T11:48:29.104Z,65.1379,-165.422,23.9,2.6,ml,,,,0.8,ak,ak0236ulwtum,2023-06-02T05:45:41.040Z,"46 km ESE of Teller, Alaska",earthquake,,1.7,,,reviewed,ak,ak
2023-05-29T11:43:06.518Z,52.5618,-169.7191,30.689,3.9,ml,15,208,0.225,0.48,us,us7000k5lp,2023-06-02T05:40:41.040Z,"",earthquake,7.98,11.077,0.077,22,reviewed,us,us
2023-05-29T10:05:00.457Z,-14.9714,166.8843,53.424,5.2,mww,43,42,6.076,0.87,us,us7000k4rv,2023-05-29T19:27:40.679Z,"21 km WNW of Port-Olry, Vanuatu",earthquake,7.12,7.965,0.098,10,reviewed,us,us
2023-05-29T09:38:13.160Z,19.0231,-68.2491,56,3.86,md,20,267,0.5261,0.77,pr,pr2023149001,2023-05-29T15:55:13.484Z,"51 km NNE of Punta Cana, Dominican Republic",earthquake,4.87,7.81,0.21,16,reviewed,pr,pr
2023-05-29T09:36:02.380Z,19.0801,-68.3638,60,3.9,md,22,279,0.5665,0.96,pr,pr2023149000,2023-05-29T11:58:56.326Z,"Dominican Republic region",earthquake,7.2,10.54,0.07,15,reviewed,pr,pr
2023-05-29T08:41:14.515Z,-23.3728,-177.1159,151.177,4.7,mb,43,59,2.819,0.73,us,us7000k4ri,2023-06-02T16:39:14.040Z,"south of the Fiji Islands",earthquake,10.6,7.305,0.084,43,reviewed,us,us
2023-05-29T08:31:54.317Z,51.3195,-177.6214,35,3,ml,10,222,0.578,0.57,us,us7000k5ln,2023-06-02T15:39:48.040Z,"92 km SW of Adak, Alaska",earthquake,3.97,2.012,0.081,20,reviewed,us,us
2023-05-29T08:31:46.070Z,40.6716667,-121.8896667,15.4,2.64,md,36,69,0.05325,0.15,nc,nc73891250,2023-05-31T08:30:31.040Z,"15km SSE of Round Mountain, CA",earthquake,0.24,0.48,0.162,49,reviewed,nc,nc
2023-05-29T06:57:52.971Z,31.74043255,-104.2503114,7.314135742,2.7,ml,20,67,0.0159145215,0.2,tx,tx2023kkyg,2023-05-29T09:58:30.040Z,"49 km SSE of Whites City, New Mexico",earthquake,0.9312348428,0.7404102622,0.1,15,reviewed,tx,tx
2023-05-29T06:44:47.278Z,-8.1973,158.3513,142.804,4.5,mb,24,102,2.002,0.7,us,us7000k4r2,2023-06-02T16:27:01.040Z,"136 km W of Buala, Solomon Islands",earthquake,12.41,8.966,0.122,20,reviewed,us,us
2023-05-29T04:57:33.108Z,-7.974,-74.3944,147.434,5.1,mww,95,102,1.691,0.71,us,us7000k4qj,2023-05-30T13:46:19.040Z,"Northern Peru",earthquake,8.59,6.471,0.083,14,reviewed,us,us
2023-05-29T03:25:03.507Z,55.5799,-158.622,11.3,2.8,ml,,,,0.61,ak,ak0236uh0dga,2023-06-02T00:28:16.685Z,"49 km SE of Perryville, Alaska",earthquake,,1,,,reviewed,ak,ak
2023-05-29T03:00:16.240Z,54.2633,-159.761,10,3.4,mb,41,207,1.165,0.76,us,us7000k4tf,2023-06-03T19:47:39.040Z,"128 km SSE of Sand Point, Alaska",earthquake,3.65,1.999,0.345,2,reviewed,us,us
2023-05-29T02:58:09.502Z,14.5211,56.3472,10,4.5,mb,43,148,10.371,0.42,us,us7000k4q5,2023-05-29T03:17:49.040Z,"Owen Fracture Zone region",earthquake,12.76,1.965,0.092,35,reviewed,us,us
2023-05-29T02:41:26.169Z,-24.1996,-66.9948,215.522,4.1,mb,21,102,1.65,0.38,us,us7000k4q1,2023-05-29T02:59:25.040Z,"68 km W of San Antonio de los Cobres, Argentina",earthquake,10.64,14.768,0.213,6,reviewed,us,us
2023-05-29T02:33:32.124Z,26.8063,92.4006,10,4.8,mb,59,106,5.1,0.58,us,us7000k4q0,2023-05-29T06:07:11.143Z,"13 km NW of Dhekiajuli, India",earthquake,10.46,1.869,0.057,97,reviewed,us,us
2023-05-29T02:28:00.673Z,53.535,-163.4189,35,3.1,ml,26,226,1.205,0.47,us,us7000k5mz,2023-06-03T19:38:00.040Z,"146 km S of False Pass, Alaska",earthquake,3.34,1.979,0.128,8,reviewed,us,us
2023-05-29T02:18:17.548Z,13.3749,94.1194,10,4.5,mb,41,109,4.962,0.44,us,us7000k4px,2023-05-29T02:35:58.040Z,"Andaman Islands, India region",earthquake,10.78,1.898,0.098,31,reviewed,us,us
2023-05-29T00:02:53.027Z,7.0417,-76.1407,70.346,4.3,mb,21,118,2.835,0.35,us,us7000k4pl,2023-05-29T03:54:42.040Z,"",earthquake,8.04,12.321,0.178,9,reviewed,us,us
